{"chrome://browser/content/browser.xhtml":{"main-window":{"sizemode":"maximized","screenX":"1156","screenY":"151","width":"1280","height":"1040"},"sidebar-box":{"sidebarcommand":"","width":""},"sidebar-title":{"value":""}},"chrome://browser/content/places/places.xhtml":{"placesContentTags":{"ordinal":"3"},"placesContentUrl":{"ordinal":"5"},"placesContentDate":{"ordinal":"7"},"placesContentVisitCount":{"ordinal":"9"},"placesContentDateAdded":{"ordinal":"11"},"placesContentLastModified":{"ordinal":"13"},"places":{"screenX":"124","screenY":"77","width":"1126","height":"828","sizemode":"normal"}}}